{
    "content": {
        "events": {
            "source": "./sticker.event",
            "version": 2
        },
        "headModelType": 2,
        "scenes": [
            {
                "id": 0,
                "isRevPostProc": true,
                "name": "scene0",
                "source": "./sticker.scene"
            }
        ]
    },
    "requirement": {
        "faceDetect": true,
        "matting": false
    },
    "tag": "2019_10_31_20_51_23_772bdd0624fe29166b4d1a67e1912106",
    "version": "1.2"
}